Transaction ID,Date,Customer ID,Gender,Age,Product Category,Quantity,Price per Unit,Total Amount,Region,Total Revenue
1,24-11-2023,CUST001,Male,34,Beauty,3,50,150,East,0.06
2,27-02-2023,CUST002,Female,26,Clothing,2,500,1000,Oceania,0.00
3,13-01-2023,CUST003,Male,50,Electronics,1,30,30,Oceania,0.03
4,21-05-2023,CUST004,Male,37,Clothing,1,500,500,Central,0.00
5,06-05-2023,CUST005,Male,30,Beauty,2,50,100,Africa,0.04
6,25-04-2023,CUST006,Female,45,Beauty,1,30,30,Oceania,0.03
7,13-03-2023,CUST007,Male,46,Clothing,2,25,50,Oceania,0.08
8,22-02-2023,CUST008,Male,30,Electronics,4,25,100,Oceania,0.16
9,13-12-2023,CUST009,Male,63,Electronics,2,300,600,West,0.01
10,07-10-2023,CUST010,Female,52,Clothing,4,50,200,South,0.08
11,14-02-2023,CUST011,Male,23,Clothing,2,50,100,South,0.04
12,30-10-2023,CUST012,Male,35,Beauty,3,25,75,Central Asia,0.12
13,05-08-2023,CUST013,Male,22,Electronics,3,500,1500,EMEA,0.01
14,17-01-2023,CUST014,Male,64,Clothing,4,30,120,South,0.13
15,16-01-2023,CUST015,Female,42,Electronics,4,500,2000,North Asia,0.01
16,17-02-2023,CUST016,Male,19,Clothing,3,500,1500,Central,0.01
17,22-04-2023,CUST017,Female,27,Clothing,4,25,100,South,0.16
18,30-04-2023,CUST018,Female,47,Electronics,2,25,50,South,0.08
19,16-09-2023,CUST019,Female,62,Clothing,2,25,50,Oceania,0.08
20,05-11-2023,CUST020,Male,22,Clothing,3,300,900,Africa,0.01
21,14-01-2023,CUST021,Female,50,Beauty,1,500,500,EMEA,0.00
22,15-10-2023,CUST022,Male,18,Clothing,2,50,100,Central,0.04
23,12-04-2023,CUST023,Female,35,Clothing,4,30,120,North Asia,0.13
24,29-11-2023,CUST024,Female,49,Clothing,1,300,300,North,0.00
25,26-12-2023,CUST025,Female,64,Beauty,1,50,50,North,0.02
26,07-10-2023,CUST026,Female,28,Electronics,2,500,1000,Central,0.00
27,03-08-2023,CUST027,Female,38,Beauty,2,25,50,North Asia,0.08
28,23-04-2023,CUST028,Female,43,Beauty,1,500,500,Central,0.00
29,18-08-2023,CUST029,Female,42,Electronics,1,30,30,West,0.03
30,29-10-2023,CUST030,Female,39,Beauty,3,300,900,Central Asia,0.01
31,23-05-2023,CUST031,Male,44,Electronics,4,300,1200,Caribbean,0.01
32,04-01-2023,CUST032,Male,30,Beauty,3,30,90,Central,0.10
33,23-03-2023,CUST033,Female,50,Electronics,2,50,100,Central,0.04
34,24-12-2023,CUST034,Female,51,Clothing,3,50,150,Oceania,0.06
35,05-08-2023,CUST035,Female,58,Beauty,3,300,900,West,0.01
36,24-06-2023,CUST036,Male,52,Beauty,3,300,900,Africa,0.01
37,23-05-2023,CUST037,Female,18,Beauty,3,25,75,East,0.12
38,21-03-2023,CUST038,Male,38,Beauty,4,50,200,South,0.08
39,21-04-2023,CUST039,Male,23,Clothing,4,30,120,North,0.13
40,22-06-2023,CUST040,Male,45,Beauty,1,50,50,Oceania,0.02
41,22-02-2023,CUST041,Male,34,Clothing,2,25,50,Southeast Asia,0.08
42,17-02-2023,CUST042,Male,22,Clothing,3,300,900,Central Asia,0.01
43,14-07-2023,CUST043,Female,48,Clothing,1,300,300,Central Asia,0.00
44,19-02-2023,CUST044,Female,22,Clothing,1,25,25,North,0.04
45,03-07-2023,CUST045,Female,55,Electronics,1,30,30,Central,0.03
46,26-06-2023,CUST046,Female,20,Electronics,4,300,1200,Central,0.01
47,06-11-2023,CUST047,Female,40,Beauty,3,500,1500,Central,0.01
48,16-05-2023,CUST048,Male,54,Electronics,3,300,900,North Asia,0.01
49,23-01-2023,CUST049,Female,54,Electronics,2,500,1000,Central Asia,0.00
50,24-08-2023,CUST050,Female,27,Beauty,3,25,75,South,0.12
51,02-10-2023,CUST051,Male,27,Beauty,3,25,75,East,0.12
52,05-03-2023,CUST052,Female,36,Beauty,1,300,300,EMEA,0.00
53,13-07-2023,CUST053,Male,34,Electronics,2,50,100,West,0.04
54,10-02-2023,CUST054,Female,38,Electronics,3,500,1500,North Asia,0.01
55,10-10-2023,CUST055,Male,31,Beauty,4,30,120,Africa,0.13
56,31-05-2023,CUST056,Female,26,Clothing,3,300,900,Central Asia,0.01
57,18-11-2023,CUST057,Female,63,Beauty,1,30,30,West,0.03
58,13-11-2023,CUST058,Male,18,Clothing,4,300,1200,Central Asia,0.01
59,05-07-2023,CUST059,Male,62,Clothing,1,50,50,Oceania,0.02
60,23-10-2023,CUST060,Male,30,Beauty,3,50,150,South,0.06
61,09-04-2023,CUST061,Male,21,Beauty,4,50,200,Central Asia,0.08
62,27-12-2023,CUST062,Male,18,Beauty,2,50,100,East,0.04
63,05-02-2023,CUST063,Male,57,Electronics,2,25,50,Central,0.08
64,24-01-2023,CUST064,Male,49,Clothing,4,25,100,Central,0.16
65,05-12-2023,CUST065,Male,51,Electronics,4,500,2000,North Asia,0.01
66,27-04-2023,CUST066,Female,45,Electronics,1,30,30,South,0.03
67,29-05-2023,CUST067,Female,48,Beauty,4,300,1200,South,0.01
68,10-02-2023,CUST068,Male,25,Electronics,1,300,300,Central Asia,0.00
69,30-04-2023,CUST069,Female,56,Beauty,3,25,75,North,0.12
70,21-02-2023,CUST070,Female,43,Clothing,1,300,300,EMEA,0.00
71,14-07-2023,CUST071,Female,51,Beauty,4,25,100,North Asia,0.16
72,23-05-2023,CUST072,Female,20,Electronics,4,500,2000,Central,0.01
73,21-08-2023,CUST073,Male,29,Electronics,3,30,90,Africa,0.10
74,22-11-2023,CUST074,Female,18,Beauty,4,500,2000,Southeast Asia,0.01
75,06-07-2023,CUST075,Male,61,Beauty,4,50,200,North,0.08
76,25-03-2023,CUST076,Female,22,Electronics,2,50,100,Oceania,0.04
77,09-07-2023,CUST077,Female,47,Clothing,2,50,100,South,0.04
78,01-07-2023,CUST078,Female,47,Clothing,3,500,1500,Central,0.01
79,18-04-2023,CUST079,Male,34,Beauty,1,300,300,North Asia,0.00
80,10-12-2023,CUST080,Female,64,Clothing,2,30,60,Central Asia,0.07
81,17-05-2023,CUST081,Male,40,Electronics,1,50,50,Central,0.02
82,26-12-2023,CUST082,Female,32,Beauty,4,50,200,Africa,0.08
83,16-12-2023,CUST083,Male,54,Electronics,2,50,100,Central,0.04
84,28-11-2023,CUST084,Female,38,Electronics,3,30,90,East,0.10
85,06-02-2023,CUST085,Male,31,Clothing,3,50,150,Central,0.06
86,08-11-2023,CUST086,Male,19,Beauty,3,30,90,Southeast Asia,0.10
87,22-11-2023,CUST087,Female,28,Beauty,2,50,100,Africa,0.04
88,29-03-2023,CUST088,Male,56,Clothing,1,500,500,Oceania,0.00
89,01-10-2023,CUST089,Female,55,Electronics,4,500,2000,Central Asia,0.01
90,06-05-2023,CUST090,Female,51,Electronics,1,30,30,North Asia,0.03
91,25-03-2023,CUST091,Female,55,Electronics,1,500,500,Central Asia,0.00
92,25-08-2023,CUST092,Female,51,Electronics,4,30,120,West,0.13
93,14-07-2023,CUST093,Female,35,Beauty,4,500,2000,Central,0.01
94,19-05-2023,CUST094,Female,47,Beauty,2,500,1000,Canada,0.00
95,24-11-2023,CUST095,Female,32,Clothing,2,30,60,Southeast Asia,0.07
96,19-12-2023,CUST096,Female,44,Clothing,2,300,600,Oceania,0.01
97,13-10-2023,CUST097,Female,51,Beauty,2,500,1000,Central,0.00
98,23-04-2023,CUST098,Female,55,Beauty,2,50,100,Oceania,0.04
99,17-12-2023,CUST099,Female,50,Electronics,4,300,1200,Central,0.01
100,16-06-2023,CUST100,Male,41,Electronics,1,30,30,Central,0.03
101,29-01-2023,CUST101,Male,32,Clothing,2,300,600,Africa,0.01
102,28-04-2023,CUST102,Female,47,Beauty,2,25,50,Oceania,0.08
103,17-01-2023,CUST103,Female,59,Clothing,1,25,25,Central,0.04
104,11-06-2023,CUST104,Female,34,Beauty,2,500,1000,North,0.00
105,25-07-2023,CUST105,Female,22,Electronics,1,500,500,Central,0.00
106,18-05-2023,CUST106,Female,46,Clothing,1,50,50,Central,0.02
107,03-02-2023,CUST107,Female,21,Clothing,4,300,1200,West,0.01
108,19-04-2023,CUST108,Female,27,Beauty,3,25,75,South,0.12
109,18-10-2023,CUST109,Female,34,Electronics,4,500,2000,Oceania,0.01
110,11-06-2023,CUST110,Male,27,Clothing,3,300,900,Central,0.01
111,19-04-2023,CUST111,Female,34,Electronics,3,500,1500,East,0.01
112,02-12-2023,CUST112,Male,37,Clothing,3,500,1500,Central,0.01
113,13-09-2023,CUST113,Female,41,Electronics,2,25,50,South,0.08
114,22-07-2023,CUST114,Female,22,Beauty,4,25,100,Oceania,0.16
115,26-11-2023,CUST115,Male,51,Clothing,3,500,1500,North Asia,0.01
116,23-08-2023,CUST116,Female,23,Clothing,1,30,30,West,0.03
117,15-03-2023,CUST117,Male,19,Electronics,2,500,1000,Central,0.00
118,16-05-2023,CUST118,Female,30,Electronics,4,500,2000,West,0.01
119,13-03-2023,CUST119,Female,60,Clothing,3,50,150,Central,0.06
120,07-05-2023,CUST120,Male,60,Beauty,1,50,50,North Asia,0.02
121,15-10-2023,CUST121,Female,28,Electronics,4,50,200,Oceania,0.08
122,03-10-2023,CUST122,Male,64,Electronics,4,30,120,East,0.13
123,15-05-2023,CUST123,Female,40,Electronics,2,30,60,Central,0.07
124,27-10-2023,CUST124,Male,33,Clothing,4,500,2000,Oceania,0.01
125,08-08-2023,CUST125,Male,48,Clothing,2,50,100,Central,0.04
126,26-10-2023,CUST126,Female,28,Clothing,3,30,90,Southeast Asia,0.10
127,24-07-2023,CUST127,Female,33,Clothing,2,25,50,South,0.08
128,05-07-2023,CUST128,Male,25,Beauty,1,500,500,East,0.00
129,23-04-2023,CUST129,Female,21,Beauty,2,300,600,East,0.01
130,12-03-2023,CUST130,Female,57,Clothing,1,500,500,South,0.00
131,18-09-2023,CUST131,Female,21,Beauty,2,300,600,Central Asia,0.01
132,10-09-2023,CUST132,Male,42,Electronics,4,50,200,North Asia,0.08
133,16-02-2023,CUST133,Male,20,Electronics,3,300,900,Southeast Asia,0.01
134,25-01-2023,CUST134,Male,49,Electronics,1,50,50,Southeast Asia,0.02
135,26-02-2023,CUST135,Male,20,Clothing,2,25,50,West,0.08
136,20-03-2023,CUST136,Male,44,Electronics,2,300,600,Southeast Asia,0.01
137,18-11-2023,CUST137,Male,46,Beauty,2,500,1000,North,0.00
138,23-03-2023,CUST138,Male,49,Clothing,4,50,200,North Asia,0.08
139,15-12-2023,CUST139,Male,36,Beauty,4,500,2000,Central,0.01
140,05-08-2023,CUST140,Male,38,Electronics,1,30,30,West,0.03
141,02-11-2023,CUST141,Female,22,Electronics,1,50,50,South,0.02
142,02-02-2023,CUST142,Male,35,Electronics,4,300,1200,South,0.01
143,17-07-2023,CUST143,Female,45,Clothing,1,50,50,Africa,0.02
144,15-07-2023,CUST144,Female,59,Beauty,3,500,1500,West,0.01
145,02-11-2023,CUST145,Female,39,Clothing,3,25,75,Southeast Asia,0.12
146,28-08-2023,CUST146,Male,38,Clothing,4,50,200,Oceania,0.08
147,28-09-2023,CUST147,Male,23,Electronics,1,300,300,North Asia,0.00
148,09-05-2023,CUST148,Male,18,Clothing,2,30,60,East,0.07
149,11-10-2023,CUST149,Male,22,Clothing,3,25,75,Oceania,0.12
150,06-01-2023,CUST150,Female,58,Electronics,4,30,120,Central Asia,0.13
151,15-12-2023,CUST151,Male,29,Clothing,1,50,50,Central,0.02
152,28-02-2023,CUST152,Male,43,Electronics,4,500,2000,Central,0.01
153,16-12-2023,CUST153,Male,63,Electronics,2,500,1000,Central,0.00
154,02-10-2023,CUST154,Male,51,Electronics,3,300,900,Central,0.01
155,17-05-2023,CUST155,Male,31,Electronics,4,500,2000,Oceania,0.01
156,25-11-2023,CUST156,Female,43,Clothing,4,25,100,Central,0.16
157,24-06-2023,CUST157,Male,62,Electronics,4,500,2000,Central,0.01
158,27-02-2023,CUST158,Female,44,Electronics,2,300,600,Central,0.01
159,31-05-2023,CUST159,Male,26,Clothing,4,50,200,East,0.08
160,11-08-2023,CUST160,Female,43,Clothing,2,50,100,North,0.04
161,22-03-2023,CUST161,Male,64,Beauty,2,500,1000,North Asia,0.00
162,21-08-2023,CUST162,Male,39,Clothing,2,30,60,South,0.07
163,02-01-2023,CUST163,Female,64,Clothing,3,50,150,EMEA,0.06
164,15-05-2023,CUST164,Female,47,Beauty,3,500,1500,North Asia,0.01
165,14-09-2023,CUST165,Female,60,Clothing,4,300,1200,Oceania,0.01
166,02-04-2023,CUST166,Male,34,Clothing,4,500,2000,Central,0.01
167,17-09-2023,CUST167,Female,43,Clothing,3,50,150,Southeast Asia,0.06
168,24-02-2023,CUST168,Male,53,Clothing,1,300,300,Southeast Asia,0.00
169,17-11-2023,CUST169,Male,18,Beauty,3,500,1500,North,0.01
170,02-06-2023,CUST170,Female,25,Clothing,2,25,50,Southeast Asia,0.08
171,24-11-2023,CUST171,Female,52,Clothing,3,300,900,Oceania,0.01
172,17-09-2023,CUST172,Male,32,Beauty,2,25,50,East,0.08
173,08-11-2023,CUST173,Male,64,Electronics,4,30,120,Southeast Asia,0.13
174,12-04-2023,CUST174,Female,39,Beauty,1,300,300,East,0.00
175,20-03-2023,CUST175,Female,31,Electronics,4,25,100,North Asia,0.16
176,11-07-2023,CUST176,Female,43,Beauty,2,50,100,North,0.04
177,24-03-2023,CUST177,Male,45,Beauty,2,50,100,North,0.04
178,04-10-2023,CUST178,Male,40,Clothing,2,30,60,EMEA,0.07
179,29-09-2023,CUST179,Male,31,Electronics,1,300,300,South,0.00
180,01-01-2023,CUST180,Male,41,Clothing,3,300,900,South,0.01
181,03-11-2023,CUST181,Male,19,Electronics,4,300,1200,EMEA,0.01
182,15-06-2023,CUST182,Male,62,Beauty,4,30,120,Central,0.13
183,08-09-2023,CUST183,Female,43,Beauty,3,300,900,Central,0.01
184,10-01-2023,CUST184,Male,31,Electronics,4,50,200,South,0.08
185,27-02-2023,CUST185,Male,24,Clothing,1,25,25,Central Asia,0.04
186,05-07-2023,CUST186,Male,20,Clothing,4,50,200,Central,0.08
187,07-06-2023,CUST187,Female,64,Clothing,2,50,100,Oceania,0.04
188,03-05-2023,CUST188,Male,40,Clothing,3,25,75,Central Asia,0.12
189,30-01-2023,CUST189,Male,63,Beauty,1,50,50,Southeast Asia,0.02
190,04-05-2023,CUST190,Female,60,Beauty,3,30,90,North,0.10
191,18-10-2023,CUST191,Male,64,Beauty,1,25,25,Southeast Asia,0.04
192,10-02-2023,CUST192,Male,62,Beauty,2,50,100,Oceania,0.04
193,13-02-2023,CUST193,Male,35,Beauty,3,500,1500,North,0.01
194,06-09-2023,CUST194,Male,55,Clothing,4,50,200,West,0.08
195,05-02-2023,CUST195,Male,52,Clothing,1,30,30,Southeast Asia,0.03
196,30-09-2023,CUST196,Female,32,Clothing,3,300,900,West,0.01
197,06-03-2023,CUST197,Female,42,Clothing,4,50,200,Central,0.08
198,07-03-2023,CUST198,Female,54,Beauty,3,300,900,East,0.01
199,04-12-2023,CUST199,Male,45,Beauty,3,500,1500,Oceania,0.01
200,01-09-2023,CUST200,Male,27,Beauty,3,50,150,Central,0.06
201,09-10-2023,CUST201,Male,56,Electronics,1,25,25,North Asia,0.04
202,26-03-2023,CUST202,Female,34,Clothing,4,300,1200,Oceania,0.01
203,16-05-2023,CUST203,Male,56,Clothing,2,500,1000,East,0.00
204,28-09-2023,CUST204,Male,39,Beauty,1,25,25,Southeast Asia,0.04
205,07-11-2023,CUST205,Female,43,Clothing,1,25,25,Africa,0.04
206,05-08-2023,CUST206,Male,61,Clothing,1,25,25,South,0.04
207,19-04-2023,CUST207,Female,42,Beauty,2,25,50,East,0.08
208,04-10-2023,CUST208,Female,34,Electronics,4,50,200,East,0.08
209,20-12-2023,CUST209,Female,30,Electronics,4,50,200,Caribbean,0.08
210,13-04-2023,CUST210,Male,37,Electronics,4,50,200,East,0.08
211,01-01-2024,CUST211,Male,42,Beauty,3,500,1500,North Asia,0.01
212,09-06-2023,CUST212,Male,21,Clothing,3,500,1500,Central,0.01
213,24-07-2023,CUST213,Male,27,Beauty,3,500,1500,West,0.01
214,10-12-2023,CUST214,Male,20,Beauty,2,30,60,EMEA,0.07
215,29-11-2023,CUST215,Male,58,Clothing,3,500,1500,Central Asia,0.01
216,11-07-2023,CUST216,Male,62,Electronics,2,50,100,North Asia,0.04
217,13-08-2023,CUST217,Female,35,Electronics,4,50,200,South,0.08
218,22-09-2023,CUST218,Male,64,Beauty,3,30,90,Central Asia,0.10
219,20-08-2023,CUST219,Female,53,Electronics,3,30,90,Oceania,0.10
220,03-03-2023,CUST220,Male,64,Beauty,1,500,500,Southeast Asia,0.00
221,07-05-2023,CUST221,Male,39,Beauty,2,300,600,EMEA,0.01
222,26-04-2023,CUST222,Male,51,Clothing,4,30,120,East,0.13
223,02-02-2023,CUST223,Female,64,Clothing,1,25,25,North Asia,0.04
224,23-06-2023,CUST224,Female,25,Clothing,1,50,50,North Asia,0.02
225,11-01-2023,CUST225,Female,57,Beauty,4,25,100,Central Asia,0.16
226,29-10-2023,CUST226,Female,61,Clothing,1,50,50,Central Asia,0.02
227,11-10-2023,CUST227,Male,36,Electronics,2,50,100,Oceania,0.04
228,28-04-2023,CUST228,Female,59,Electronics,2,30,60,Southeast Asia,0.07
229,29-10-2023,CUST229,Male,58,Beauty,3,30,90,North Asia,0.10
230,23-04-2023,CUST230,Male,54,Beauty,1,25,25,Central,0.04
231,04-01-2023,CUST231,Female,23,Clothing,3,50,150,Central,0.06
232,06-02-2023,CUST232,Female,43,Beauty,1,25,25,West,0.04
233,29-12-2023,CUST233,Female,51,Beauty,2,300,600,East,0.01
234,20-11-2023,CUST234,Female,62,Electronics,2,25,50,Africa,0.08
235,31-01-2023,CUST235,Female,23,Electronics,2,500,1000,Africa,0.00
236,28-04-2023,CUST236,Female,54,Clothing,1,25,25,South,0.04
237,04-02-2023,CUST237,Female,50,Beauty,2,500,1000,East,0.00
238,17-01-2023,CUST238,Female,39,Beauty,1,500,500,North,0.00
239,19-06-2023,CUST239,Male,38,Electronics,3,500,1500,Central,0.01
240,06-02-2023,CUST240,Female,23,Beauty,1,300,300,West,0.00
241,21-09-2023,CUST241,Female,23,Electronics,3,25,75,East,0.12
242,02-05-2023,CUST242,Male,21,Clothing,1,25,25,EMEA,0.04
243,23-05-2023,CUST243,Female,47,Electronics,3,300,900,Southeast Asia,0.01
244,09-12-2023,CUST244,Male,28,Beauty,2,50,100,North,0.04
245,06-09-2023,CUST245,Male,47,Clothing,3,30,90,Central,0.10
246,20-04-2023,CUST246,Female,48,Electronics,2,25,50,EMEA,0.08
247,04-10-2023,CUST247,Male,41,Electronics,2,30,60,Oceania,0.07
248,09-03-2023,CUST248,Male,26,Clothing,3,300,900,West,0.01
249,20-10-2023,CUST249,Male,20,Clothing,1,50,50,South,0.02
250,23-10-2023,CUST250,Male,48,Electronics,1,50,50,Africa,0.02
251,31-08-2023,CUST251,Female,57,Beauty,4,50,200,Central Asia,0.08
252,05-05-2023,CUST252,Male,54,Electronics,1,300,300,Central,0.00
253,31-08-2023,CUST253,Female,53,Clothing,4,500,2000,Africa,0.01
254,28-07-2023,CUST254,Male,41,Electronics,1,500,500,Oceania,0.00
255,08-04-2023,CUST255,Male,48,Clothing,1,30,30,North Asia,0.03
256,18-02-2023,CUST256,Male,23,Clothing,2,500,1000,South,0.00
257,19-02-2023,CUST257,Male,19,Beauty,4,500,2000,Central,0.01
258,04-12-2023,CUST258,Female,37,Clothing,1,50,50,Central,0.02
259,09-08-2023,CUST259,Female,45,Clothing,4,50,200,West,0.08
260,01-07-2023,CUST260,Male,28,Beauty,2,30,60,South,0.07
261,05-08-2023,CUST261,Male,21,Clothing,2,25,50,Central,0.08
262,30-07-2023,CUST262,Female,32,Beauty,4,30,120,Central,0.13
263,28-08-2023,CUST263,Male,23,Beauty,2,30,60,North Asia,0.07
264,28-01-2023,CUST264,Male,47,Clothing,3,300,900,Central,0.01
265,11-12-2023,CUST265,Male,55,Clothing,3,300,900,Central,0.01
266,01-12-2023,CUST266,Female,19,Electronics,2,30,60,Central,0.07
267,27-11-2023,CUST267,Female,32,Beauty,3,30,90,Southeast Asia,0.10
268,20-02-2023,CUST268,Female,28,Electronics,1,30,30,South,0.03
269,01-02-2023,CUST269,Male,25,Clothing,4,500,2000,Central,0.01
270,26-07-2023,CUST270,Male,43,Electronics,1,300,300,North,0.00
271,23-06-2023,CUST271,Female,62,Beauty,4,30,120,Oceania,0.13
272,25-02-2023,CUST272,Female,61,Electronics,2,50,100,North Asia,0.04
273,08-05-2023,CUST273,Female,22,Beauty,1,50,50,North,0.02
274,09-04-2023,CUST274,Female,23,Clothing,2,500,1000,Africa,0.00
275,08-04-2023,CUST275,Male,43,Clothing,2,500,1000,Central Asia,0.00
276,02-10-2023,CUST276,Female,21,Beauty,4,25,100,South,0.16
277,18-08-2023,CUST277,Male,36,Clothing,4,25,100,Southeast Asia,0.16
278,13-03-2023,CUST278,Female,37,Clothing,4,25,100,Southeast Asia,0.16
279,05-08-2023,CUST279,Male,50,Clothing,1,500,500,Caribbean,0.00
280,04-04-2023,CUST280,Female,37,Clothing,3,500,1500,Central,0.01
281,23-05-2023,CUST281,Female,29,Beauty,4,500,2000,Oceania,0.01
282,25-08-2023,CUST282,Female,64,Electronics,4,50,200,East,0.08
283,08-05-2023,CUST283,Female,18,Electronics,1,500,500,EMEA,0.00
284,08-02-2023,CUST284,Male,43,Clothing,4,50,200,North,0.08
285,15-08-2023,CUST285,Female,31,Electronics,1,25,25,North,0.04
286,09-10-2023,CUST286,Male,55,Electronics,2,25,50,North,0.08
287,20-02-2023,CUST287,Male,54,Clothing,4,25,100,West,0.16
288,26-01-2023,CUST288,Male,28,Clothing,4,30,120,West,0.13
289,30-11-2023,CUST289,Male,53,Electronics,2,30,60,West,0.07
290,04-10-2023,CUST290,Female,30,Beauty,2,300,600,EMEA,0.01
291,08-01-2023,CUST291,Male,60,Clothing,2,300,600,East,0.01
292,17-02-2023,CUST292,Male,20,Beauty,4,300,1200,Africa,0.01
293,02-05-2023,CUST293,Male,50,Electronics,3,30,90,North,0.10
294,27-03-2023,CUST294,Female,23,Clothing,3,30,90,Oceania,0.10
295,28-07-2023,CUST295,Female,27,Beauty,3,300,900,Africa,0.01
296,06-09-2023,CUST296,Female,22,Clothing,4,300,1200,North,0.01
297,04-09-2023,CUST297,Female,40,Electronics,2,500,1000,Central Asia,0.00
298,20-04-2023,CUST298,Male,27,Beauty,4,300,1200,Southeast Asia,0.01
299,25-07-2023,CUST299,Male,61,Electronics,2,500,1000,South,0.00
300,31-01-2023,CUST300,Female,19,Electronics,4,50,200,North Asia,0.08
301,26-03-2023,CUST301,Male,30,Clothing,4,30,120,North Asia,0.13
302,14-07-2023,CUST302,Male,57,Beauty,2,300,600,Central,0.01
303,02-01-2023,CUST303,Male,19,Electronics,3,30,90,EMEA,0.10
304,19-07-2023,CUST304,Female,37,Electronics,2,30,60,South,0.07
305,16-05-2023,CUST305,Female,18,Beauty,1,30,30,Oceania,0.03
306,21-08-2023,CUST306,Male,54,Electronics,1,50,50,East,0.02
307,27-05-2023,CUST307,Female,26,Electronics,2,25,50,Oceania,0.08
308,05-08-2023,CUST308,Female,34,Beauty,4,300,1200,South,0.01
309,23-12-2023,CUST309,Female,26,Beauty,1,25,25,Africa,0.04
310,12-10-2023,CUST310,Female,28,Beauty,1,25,25,East,0.04
311,05-12-2023,CUST311,Female,32,Beauty,4,25,100,North,0.16
312,07-09-2023,CUST312,Male,41,Clothing,4,30,120,Southeast Asia,0.13
313,21-03-2023,CUST313,Female,55,Beauty,3,500,1500,Central,0.01
314,08-04-2023,CUST314,Male,52,Clothing,4,30,120,Central Asia,0.13
315,01-06-2023,CUST315,Male,47,Clothing,2,30,60,Central,0.07
316,22-04-2023,CUST316,Female,48,Clothing,2,25,50,Oceania,0.08
317,30-01-2023,CUST317,Male,22,Electronics,3,30,90,Central,0.10
318,24-10-2023,CUST318,Male,61,Clothing,1,25,25,Central,0.04
319,05-10-2023,CUST319,Male,31,Clothing,1,500,500,North Asia,0.00
320,01-02-2023,CUST320,Female,28,Electronics,4,300,1200,EMEA,0.01
321,10-06-2023,CUST321,Female,26,Electronics,2,25,50,Central Asia,0.08
322,30-01-2023,CUST322,Male,51,Electronics,1,500,500,Central,0.00
323,26-01-2023,CUST323,Female,29,Beauty,3,300,900,South,0.01
324,27-10-2023,CUST324,Female,52,Electronics,3,50,150,South,0.06
325,02-09-2023,CUST325,Female,52,Electronics,2,25,50,Southeast Asia,0.08
326,15-09-2023,CUST326,Female,18,Clothing,3,25,75,Southeast Asia,0.12
327,29-09-2023,CUST327,Male,57,Electronics,3,50,150,Central,0.06
328,22-03-2023,CUST328,Male,39,Beauty,2,50,100,Southeast Asia,0.04
329,30-01-2023,CUST329,Female,46,Electronics,4,25,100,Africa,0.16
330,18-09-2023,CUST330,Female,25,Beauty,4,50,200,Central,0.08
331,11-02-2023,CUST331,Male,28,Electronics,3,30,90,North Asia,0.10
332,06-04-2023,CUST332,Male,58,Electronics,4,300,1200,East,0.01
333,05-02-2023,CUST333,Female,54,Electronics,4,300,1200,Southeast Asia,0.01
334,01-11-2023,CUST334,Male,31,Electronics,3,300,900,Central,0.01
335,04-02-2023,CUST335,Female,47,Beauty,4,30,120,Oceania,0.13
336,12-12-2023,CUST336,Female,52,Beauty,3,50,150,South,0.06
337,01-05-2023,CUST337,Male,38,Clothing,1,500,500,Central,0.00
338,26-07-2023,CUST338,Male,54,Beauty,2,50,100,South,0.04
339,03-03-2023,CUST339,Female,22,Electronics,2,25,50,Central,0.08
340,19-10-2023,CUST340,Female,36,Clothing,4,300,1200,East,0.01
341,07-05-2023,CUST341,Male,31,Clothing,4,50,200,EMEA,0.08
342,24-10-2023,CUST342,Female,43,Clothing,4,500,2000,West,0.01
343,01-11-2023,CUST343,Male,21,Electronics,2,25,50,South,0.08
344,21-01-2023,CUST344,Female,42,Beauty,1,30,30,South,0.03
345,14-11-2023,CUST345,Male,62,Electronics,1,30,30,Central,0.03
346,11-02-2023,CUST346,Male,59,Clothing,2,500,1000,Southeast Asia,0.00
347,03-08-2023,CUST347,Male,42,Electronics,1,25,25,Oceania,0.04
348,03-12-2023,CUST348,Female,35,Electronics,2,300,600,Oceania,0.01
349,26-10-2023,CUST349,Female,57,Beauty,1,50,50,East,0.02
350,17-10-2023,CUST350,Male,25,Beauty,3,25,75,Central,0.12
351,25-09-2023,CUST351,Female,56,Clothing,3,30,90,Central,0.10
352,11-06-2023,CUST352,Male,57,Electronics,2,500,1000,Central,0.00
353,14-05-2023,CUST353,Male,31,Electronics,1,500,500,West,0.00
354,15-04-2023,CUST354,Female,49,Beauty,4,50,200,Central,0.08
355,09-12-2023,CUST355,Female,55,Electronics,1,500,500,Africa,0.00
356,10-06-2023,CUST356,Male,50,Electronics,3,500,1500,Oceania,0.01
357,03-05-2023,CUST357,Female,40,Electronics,3,25,75,Central,0.12
358,16-05-2023,CUST358,Female,32,Beauty,1,300,300,West,0.00
359,22-07-2023,CUST359,Male,50,Clothing,1,50,50,Central,0.02
360,09-03-2023,CUST360,Male,42,Clothing,4,25,100,Central,0.16
361,10-12-2023,CUST361,Female,34,Electronics,4,300,1200,West,0.01
362,27-11-2023,CUST362,Male,50,Clothing,1,25,25,Central,0.04
363,03-06-2023,CUST363,Male,64,Beauty,1,25,25,Central Asia,0.04
364,23-08-2023,CUST364,Female,19,Beauty,1,500,500,Oceania,0.00
365,11-06-2023,CUST365,Male,31,Clothing,1,300,300,Central,0.00
366,07-02-2023,CUST366,Male,57,Clothing,2,50,100,North,0.04
367,05-01-2023,CUST367,Female,57,Electronics,1,50,50,Oceania,0.02
368,23-08-2023,CUST368,Female,56,Clothing,4,300,1200,Oceania,0.01
369,15-11-2023,CUST369,Male,23,Electronics,3,500,1500,Southeast Asia,0.01
370,16-10-2023,CUST370,Male,23,Electronics,2,30,60,Central,0.07
371,21-02-2023,CUST371,Female,20,Beauty,1,25,25,Central Asia,0.04
372,07-02-2023,CUST372,Female,24,Beauty,3,500,1500,Central,0.01
373,03-10-2023,CUST373,Female,25,Beauty,2,300,600,South,0.01
374,20-04-2023,CUST374,Female,59,Beauty,3,25,75,North,0.12
375,17-09-2023,CUST375,Male,32,Clothing,1,50,50,North Asia,0.02
376,16-05-2023,CUST376,Female,64,Beauty,1,30,30,Africa,0.03
377,09-03-2023,CUST377,Female,46,Clothing,4,50,200,Southeast Asia,0.08
378,28-06-2023,CUST378,Male,50,Beauty,1,300,300,Central Asia,0.00
379,05-02-2023,CUST379,Female,47,Clothing,1,25,25,North,0.04
380,06-05-2023,CUST380,Male,56,Electronics,2,300,600,Central,0.01
381,09-07-2023,CUST381,Female,44,Clothing,4,25,100,Central Asia,0.16
382,26-05-2023,CUST382,Female,53,Clothing,2,500,1000,Central,0.00
383,22-03-2023,CUST383,Female,46,Beauty,3,30,90,Southeast Asia,0.10
384,13-08-2023,CUST384,Male,55,Clothing,1,500,500,Central,0.00
385,06-10-2023,CUST385,Male,50,Electronics,3,500,1500,EMEA,0.01
386,27-12-2023,CUST386,Female,54,Electronics,2,300,600,Central Asia,0.01
387,04-06-2023,CUST387,Male,44,Beauty,1,30,30,South,0.03
388,10-11-2023,CUST388,Male,50,Electronics,1,25,25,North,0.04
389,01-12-2023,CUST389,Male,21,Clothing,2,25,50,EMEA,0.08
390,28-09-2023,CUST390,Male,39,Electronics,2,50,100,North,0.04
391,05-01-2023,CUST391,Male,19,Beauty,2,25,50,East,0.08
392,08-12-2023,CUST392,Male,27,Clothing,2,300,600,South,0.01
393,11-10-2023,CUST393,Female,22,Beauty,2,500,1000,Central Asia,0.00
394,03-06-2023,CUST394,Female,27,Clothing,1,500,500,Central,0.00
395,06-12-2023,CUST395,Male,50,Electronics,2,500,1000,Central,0.00
396,23-02-2023,CUST396,Female,55,Beauty,1,30,30,North Asia,0.03
397,10-03-2023,CUST397,Female,30,Beauty,1,25,25,Africa,0.04
398,16-05-2023,CUST398,Female,48,Clothing,2,300,600,North,0.01
399,01-03-2023,CUST399,Female,64,Beauty,2,30,60,Oceania,0.07
400,24-02-2023,CUST400,Male,53,Clothing,4,50,200,Central,0.08
401,11-10-2023,CUST401,Female,62,Clothing,1,300,300,South,0.00
402,21-03-2023,CUST402,Female,41,Clothing,2,300,600,Southeast Asia,0.01
403,20-05-2023,CUST403,Male,32,Clothing,2,300,600,Central Asia,0.01
404,25-05-2023,CUST404,Male,46,Electronics,2,500,1000,EMEA,0.00
405,06-11-2023,CUST405,Female,25,Clothing,4,300,1200,Central Asia,0.01
406,18-04-2023,CUST406,Female,22,Beauty,4,25,100,East,0.16
407,25-06-2023,CUST407,Female,46,Electronics,3,300,900,South,0.01
408,15-04-2023,CUST408,Female,64,Beauty,1,500,500,Central,0.00
409,18-12-2023,CUST409,Female,21,Electronics,3,300,900,Central Asia,0.01
410,21-11-2023,CUST410,Female,29,Clothing,2,50,100,North,0.04
411,16-05-2023,CUST411,Male,62,Electronics,4,50,200,Central,0.08
412,16-09-2023,CUST412,Female,19,Electronics,4,500,2000,Africa,0.01
413,08-09-2023,CUST413,Female,44,Beauty,3,25,75,North Asia,0.12
414,09-05-2023,CUST414,Male,48,Beauty,4,25,100,Central,0.16
415,27-01-2023,CUST415,Male,53,Clothing,2,30,60,Africa,0.07
416,17-02-2023,CUST416,Male,53,Electronics,4,500,2000,Central,0.01
417,21-11-2023,CUST417,Male,43,Electronics,3,300,900,Africa,0.01
418,05-08-2023,CUST418,Female,60,Electronics,2,500,1000,North Asia,0.00
419,22-05-2023,CUST419,Female,44,Clothing,3,30,90,East,0.10
420,23-01-2023,CUST420,Female,22,Clothing,4,500,2000,East,0.01
421,02-01-2023,CUST421,Female,37,Clothing,3,500,1500,North Asia,0.01
422,20-06-2023,CUST422,Female,28,Clothing,3,30,90,North Asia,0.10
423,08-03-2023,CUST423,Female,27,Clothing,1,25,25,Central Asia,0.04
424,23-11-2023,CUST424,Male,57,Beauty,4,300,1200,Central,0.01
425,15-05-2023,CUST425,Female,55,Electronics,4,30,120,Oceania,0.13
426,24-03-2023,CUST426,Male,23,Electronics,3,50,150,North Asia,0.06
427,15-08-2023,CUST427,Male,25,Electronics,1,25,25,Africa,0.04
428,10-10-2023,CUST428,Female,40,Electronics,4,50,200,Central,0.08
429,28-12-2023,CUST429,Male,64,Electronics,2,25,50,Central,0.08
430,07-08-2023,CUST430,Female,43,Electronics,3,300,900,Central Asia,0.01
431,15-10-2023,CUST431,Male,63,Electronics,4,300,1200,North,0.01
432,05-01-2023,CUST432,Female,60,Electronics,2,500,1000,Central,0.00
433,27-02-2023,CUST433,Male,29,Beauty,4,50,200,North,0.08
434,08-02-2023,CUST434,Female,43,Electronics,2,25,50,East,0.08
435,20-12-2023,CUST435,Female,30,Beauty,3,300,900,West,0.01
436,18-03-2023,CUST436,Female,57,Clothing,4,30,120,Southeast Asia,0.13
437,07-10-2023,CUST437,Female,35,Electronics,4,300,1200,Central,0.01
438,19-01-2023,CUST438,Female,42,Clothing,1,30,30,North,0.03
439,09-07-2023,CUST439,Male,50,Clothing,3,25,75,Oceania,0.12
440,26-10-2023,CUST440,Male,64,Clothing,2,300,600,South,0.01
441,10-10-2023,CUST441,Male,57,Beauty,4,300,1200,EMEA,0.01
442,17-03-2023,CUST442,Female,60,Clothing,4,25,100,South,0.16
443,09-08-2023,CUST443,Male,29,Clothing,2,300,600,Southeast Asia,0.01
444,07-03-2023,CUST444,Female,61,Clothing,3,30,90,EMEA,0.10
445,22-01-2023,CUST445,Female,53,Electronics,1,300,300,South,0.00
446,07-06-2023,CUST446,Male,21,Electronics,1,50,50,Central Asia,0.02
447,06-07-2023,CUST447,Male,22,Beauty,4,500,2000,South,0.01
448,21-01-2023,CUST448,Female,54,Beauty,2,30,60,South,0.07
449,03-07-2023,CUST449,Male,25,Electronics,4,50,200,Central,0.08
450,18-04-2023,CUST450,Female,59,Beauty,2,25,50,North Asia,0.08
451,16-12-2023,CUST451,Female,45,Electronics,1,30,30,EMEA,0.03
452,08-05-2023,CUST452,Female,48,Clothing,3,500,1500,North,0.01
453,08-12-2023,CUST453,Female,26,Clothing,2,500,1000,Africa,0.00
454,22-02-2023,CUST454,Female,46,Beauty,1,25,25,Africa,0.04
455,01-07-2023,CUST455,Male,31,Electronics,4,25,100,North Asia,0.16
456,14-10-2023,CUST456,Male,57,Electronics,2,30,60,Caribbean,0.07
457,28-07-2023,CUST457,Female,58,Beauty,3,300,900,South,0.01
458,14-11-2023,CUST458,Female,39,Electronics,4,25,100,Central,0.16
459,21-03-2023,CUST459,Male,28,Clothing,4,300,1200,EMEA,0.01
460,02-05-2023,CUST460,Male,40,Beauty,1,50,50,Southeast Asia,0.02
461,25-03-2023,CUST461,Female,18,Beauty,2,500,1000,Central Asia,0.00
462,01-04-2023,CUST462,Male,63,Electronics,4,300,1200,North Asia,0.01
463,31-07-2023,CUST463,Female,54,Beauty,3,500,1500,South,0.01
464,13-01-2023,CUST464,Male,38,Electronics,2,300,600,North,0.01
465,02-04-2023,CUST465,Female,43,Electronics,3,50,150,EMEA,0.06
466,20-06-2023,CUST466,Male,63,Electronics,4,25,100,Oceania,0.16
467,30-07-2023,CUST467,Female,53,Electronics,3,50,150,Central,0.06
468,09-12-2023,CUST468,Male,40,Electronics,1,25,25,EMEA,0.04
469,08-05-2023,CUST469,Male,18,Beauty,3,25,75,Southeast Asia,0.12
470,17-05-2023,CUST470,Female,57,Clothing,2,500,1000,Southeast Asia,0.00
471,23-03-2023,CUST471,Male,32,Clothing,3,50,150,Southeast Asia,0.06
472,26-12-2023,CUST472,Female,38,Beauty,3,300,900,EMEA,0.01
473,25-02-2023,CUST473,Male,64,Beauty,1,50,50,North Asia,0.02
474,15-07-2023,CUST474,Female,26,Clothing,3,500,1500,Central Asia,0.01
475,20-01-2023,CUST475,Male,26,Clothing,3,25,75,North,0.12
476,29-08-2023,CUST476,Female,27,Clothing,4,500,2000,Oceania,0.01
477,24-04-2023,CUST477,Male,43,Clothing,4,30,120,Southeast Asia,0.13
478,13-04-2023,CUST478,Female,58,Clothing,2,30,60,Central Asia,0.07
479,24-08-2023,CUST479,Male,52,Electronics,4,300,1200,North Asia,0.01
480,29-06-2023,CUST480,Female,42,Beauty,4,500,2000,South,0.01
481,06-06-2023,CUST481,Female,43,Electronics,4,300,1200,Central Asia,0.01
482,27-04-2023,CUST482,Female,28,Clothing,4,300,1200,East,0.01
483,25-04-2023,CUST483,Male,55,Clothing,1,30,30,Africa,0.03
484,13-01-2023,CUST484,Female,19,Clothing,4,300,1200,Oceania,0.01
485,04-12-2023,CUST485,Male,24,Electronics,1,30,30,EMEA,0.03
486,09-04-2023,CUST486,Female,35,Electronics,1,25,25,South,0.04
487,24-07-2023,CUST487,Male,44,Clothing,4,500,2000,Oceania,0.01
488,18-06-2023,CUST488,Female,51,Electronics,3,300,900,North,0.01
489,23-05-2023,CUST489,Male,44,Electronics,1,30,30,Oceania,0.03
490,05-02-2023,CUST490,Male,34,Clothing,3,50,150,Canada,0.06
491,23-05-2023,CUST491,Female,60,Electronics,3,300,900,West,0.01
492,29-06-2023,CUST492,Male,61,Beauty,4,25,100,Central Asia,0.16
493,25-11-2023,CUST493,Male,41,Beauty,2,25,50,Central,0.08
494,18-09-2023,CUST494,Female,42,Beauty,4,50,200,EMEA,0.08
495,24-07-2023,CUST495,Male,24,Beauty,2,30,60,Africa,0.07
496,14-12-2023,CUST496,Male,23,Clothing,2,300,600,Central,0.01
497,02-10-2023,CUST497,Male,41,Clothing,4,30,120,East,0.13
498,19-06-2023,CUST498,Female,50,Clothing,4,25,100,Central,0.16
499,15-01-2023,CUST499,Male,46,Beauty,2,30,60,Central Asia,0.07
500,01-03-2023,CUST500,Female,60,Beauty,4,25,100,Southeast Asia,0.16
501,14-05-2023,CUST501,Male,39,Electronics,2,30,60,Central,0.07
502,02-04-2023,CUST502,Male,43,Electronics,3,50,150,East,0.06
503,25-10-2023,CUST503,Male,45,Beauty,4,500,2000,Caribbean,0.01
504,16-05-2023,CUST504,Female,38,Beauty,3,50,150,Southeast Asia,0.06
505,20-01-2023,CUST505,Male,24,Beauty,1,50,50,Central Asia,0.02
506,25-02-2023,CUST506,Male,34,Beauty,3,500,1500,Oceania,0.01
507,02-11-2023,CUST507,Female,37,Electronics,3,500,1500,North Asia,0.01
508,11-08-2023,CUST508,Male,58,Beauty,2,300,600,Oceania,0.01
509,26-06-2023,CUST509,Female,37,Electronics,3,300,900,Central,0.01
510,10-06-2023,CUST510,Female,39,Beauty,4,50,200,North,0.08
511,12-08-2023,CUST511,Male,45,Beauty,2,50,100,South,0.04
512,07-11-2023,CUST512,Female,57,Beauty,1,25,25,Oceania,0.04
513,19-09-2023,CUST513,Male,24,Electronics,4,25,100,South,0.16
514,01-03-2023,CUST514,Female,18,Electronics,1,300,300,Central Asia,0.00
515,17-07-2023,CUST515,Female,49,Clothing,3,300,900,Central Asia,0.01
516,23-10-2023,CUST516,Male,30,Beauty,4,25,100,North Asia,0.16
517,08-04-2023,CUST517,Female,47,Clothing,4,25,100,Central Asia,0.16
518,11-05-2023,CUST518,Female,40,Clothing,1,30,30,Caribbean,0.03
519,23-01-2023,CUST519,Female,36,Electronics,4,30,120,East,0.13
520,29-12-2023,CUST520,Female,49,Electronics,4,25,100,North,0.16
521,12-08-2023,CUST521,Female,47,Clothing,4,30,120,Central,0.13
522,01-01-2023,CUST522,Male,46,Beauty,3,500,1500,Africa,0.01
523,24-09-2023,CUST523,Female,62,Electronics,1,300,300,EMEA,0.00
524,03-10-2023,CUST524,Male,46,Beauty,4,300,1200,Central Asia,0.01
525,18-12-2023,CUST525,Female,47,Beauty,2,25,50,EMEA,0.08
526,10-12-2023,CUST526,Male,33,Clothing,2,50,100,Oceania,0.04
527,11-04-2023,CUST527,Male,57,Clothing,2,25,50,Central Asia,0.08
528,06-07-2023,CUST528,Female,36,Clothing,2,30,60,South,0.07
529,09-08-2023,CUST529,Female,35,Clothing,3,50,150,North Asia,0.06
530,05-02-2023,CUST530,Female,18,Electronics,4,30,120,Africa,0.13
531,07-12-2023,CUST531,Male,31,Electronics,1,500,500,Central,0.00
532,19-06-2023,CUST532,Female,64,Clothing,4,30,120,Central,0.13
533,16-11-2023,CUST533,Male,19,Electronics,3,500,1500,South,0.01
534,10-06-2023,CUST534,Male,45,Clothing,2,500,1000,North,0.00
535,06-12-2023,CUST535,Male,47,Beauty,3,30,90,Oceania,0.10
536,05-03-2023,CUST536,Female,55,Beauty,4,30,120,Central,0.13
537,03-06-2023,CUST537,Female,21,Beauty,1,500,500,North Asia,0.00
538,17-09-2023,CUST538,Male,18,Clothing,3,50,150,North,0.06
539,08-06-2023,CUST539,Male,25,Beauty,1,500,500,West,0.00
540,08-12-2023,CUST540,Female,46,Electronics,3,300,900,EMEA,0.01
541,29-07-2023,CUST541,Male,56,Beauty,1,500,500,Central,0.00
542,17-06-2023,CUST542,Female,20,Beauty,1,50,50,Central,0.02
543,26-07-2023,CUST543,Male,49,Beauty,2,300,600,Central,0.01
544,23-12-2023,CUST544,Female,27,Electronics,1,25,25,Southeast Asia,0.04
545,01-06-2023,CUST545,Male,27,Clothing,2,25,50,North,0.08
546,11-10-2023,CUST546,Female,36,Electronics,4,50,200,Africa,0.08
547,07-03-2023,CUST547,Male,63,Clothing,4,500,2000,EMEA,0.01
548,09-04-2023,CUST548,Female,51,Clothing,2,30,60,South,0.07
549,04-08-2023,CUST549,Female,50,Beauty,2,50,100,South,0.04
550,07-12-2023,CUST550,Male,40,Clothing,3,300,900,EMEA,0.01
551,14-07-2023,CUST551,Male,45,Electronics,3,300,900,Southeast Asia,0.01
552,13-12-2023,CUST552,Female,49,Electronics,3,25,75,Central,0.12
553,31-03-2023,CUST553,Male,24,Clothing,4,300,1200,East,0.01
554,12-11-2023,CUST554,Female,46,Beauty,3,50,150,North,0.06
555,19-10-2023,CUST555,Male,25,Beauty,1,300,300,East,0.00
556,04-06-2023,CUST556,Female,18,Electronics,1,50,50,South,0.02
557,27-07-2023,CUST557,Female,20,Beauty,3,30,90,East,0.10
558,08-10-2023,CUST558,Female,41,Clothing,1,25,25,North Asia,0.04
559,01-01-2023,CUST559,Female,40,Clothing,4,300,1200,West,0.01
560,05-06-2023,CUST560,Female,25,Electronics,1,50,50,Oceania,0.02
561,27-05-2023,CUST561,Female,64,Clothing,4,500,2000,West,0.01
562,18-04-2023,CUST562,Male,54,Electronics,2,25,50,Oceania,0.08
563,09-08-2023,CUST563,Male,20,Clothing,2,30,60,North Asia,0.07
564,24-10-2023,CUST564,Male,50,Electronics,2,50,100,Central,0.04
565,07-11-2023,CUST565,Female,45,Beauty,2,30,60,Canada,0.07
566,02-12-2023,CUST566,Female,64,Clothing,1,30,30,South,0.03
567,14-06-2023,CUST567,Female,25,Clothing,3,300,900,North,0.01
568,27-08-2023,CUST568,Female,51,Electronics,1,300,300,South,0.00
569,15-08-2023,CUST569,Male,52,Electronics,4,50,200,Central,0.08
570,15-08-2023,CUST570,Male,49,Clothing,1,500,500,Central Asia,0.00
571,12-12-2023,CUST571,Female,41,Electronics,1,50,50,South,0.02
572,20-04-2023,CUST572,Male,31,Clothing,4,500,2000,South,0.01
573,19-09-2023,CUST573,Male,49,Beauty,2,30,60,North Asia,0.07
574,31-08-2023,CUST574,Female,63,Electronics,2,25,50,East,0.08
575,28-03-2023,CUST575,Male,60,Clothing,2,50,100,Central,0.04
576,04-12-2023,CUST576,Female,33,Beauty,3,50,150,South,0.06
577,13-02-2023,CUST577,Male,21,Beauty,4,500,2000,EMEA,0.01
578,26-05-2023,CUST578,Female,54,Clothing,4,30,120,Southeast Asia,0.13
579,21-09-2023,CUST579,Female,38,Electronics,1,30,30,Central,0.03
580,06-12-2023,CUST580,Female,31,Clothing,3,500,1500,Central,0.01
581,21-11-2023,CUST581,Female,48,Beauty,2,30,60,Central Asia,0.07
582,14-11-2023,CUST582,Male,35,Clothing,3,300,900,Caribbean,0.01
583,21-06-2023,CUST583,Female,24,Electronics,4,25,100,Central,0.16
584,17-02-2023,CUST584,Female,27,Beauty,4,50,200,West,0.08
585,01-05-2023,CUST585,Female,24,Clothing,1,25,25,Central,0.04
586,11-12-2023,CUST586,Male,50,Electronics,1,50,50,Oceania,0.02
587,08-06-2023,CUST587,Female,40,Beauty,4,300,1200,West,0.01
588,26-04-2023,CUST588,Male,38,Electronics,2,30,60,Central,0.07
589,12-04-2023,CUST589,Female,36,Beauty,2,500,1000,North Asia,0.00
590,17-03-2023,CUST590,Male,36,Clothing,3,300,900,Caribbean,0.01
591,13-01-2023,CUST591,Male,53,Electronics,4,25,100,Africa,0.16
592,24-01-2023,CUST592,Female,46,Beauty,4,500,2000,EMEA,0.01
593,06-05-2023,CUST593,Male,35,Electronics,2,30,60,Central,0.07
594,01-09-2023,CUST594,Female,19,Electronics,2,300,600,Oceania,0.01
595,09-11-2023,CUST595,Female,18,Clothing,4,500,2000,South,0.01
596,07-02-2023,CUST596,Female,64,Electronics,1,300,300,Central Asia,0.00
597,22-08-2023,CUST597,Male,22,Beauty,4,300,1200,Southeast Asia,0.01
598,01-08-2023,CUST598,Male,37,Beauty,4,30,120,North,0.13
599,19-11-2023,CUST599,Female,28,Beauty,2,50,100,North,0.04
600,22-10-2023,CUST600,Female,59,Beauty,2,500,1000,Central,0.00
601,10-04-2023,CUST601,Male,19,Clothing,1,30,30,Central,0.03
602,23-12-2023,CUST602,Female,20,Electronics,1,300,300,Central,0.00
603,16-07-2023,CUST603,Female,40,Clothing,3,30,90,Central,0.10
604,11-09-2023,CUST604,Female,29,Electronics,4,50,200,Southeast Asia,0.08
605,24-07-2023,CUST605,Male,37,Electronics,2,500,1000,Africa,0.00
606,05-05-2023,CUST606,Male,22,Electronics,1,50,50,North Asia,0.02
607,17-03-2023,CUST607,Male,54,Clothing,3,25,75,Central,0.12
608,02-12-2023,CUST608,Female,55,Electronics,3,500,1500,South,0.01
609,19-12-2023,CUST609,Female,47,Clothing,2,50,100,Central,0.04
610,03-01-2023,CUST610,Female,26,Beauty,2,300,600,North Asia,0.01
611,24-02-2023,CUST611,Male,51,Beauty,3,500,1500,Oceania,0.01
612,06-08-2023,CUST612,Female,61,Electronics,1,500,500,Caribbean,0.00
613,23-04-2023,CUST613,Female,52,Clothing,3,30,90,Central Asia,0.10
614,01-04-2023,CUST614,Female,39,Beauty,4,300,1200,Oceania,0.01
615,23-12-2023,CUST615,Female,61,Clothing,4,25,100,East,0.16
616,23-09-2023,CUST616,Male,41,Clothing,2,50,100,North Asia,0.04
617,26-08-2023,CUST617,Male,34,Electronics,1,30,30,Central,0.03
618,26-01-2023,CUST618,Female,27,Beauty,1,50,50,West,0.02
619,13-10-2023,CUST619,Male,47,Electronics,4,25,100,East,0.16
620,08-05-2023,CUST620,Male,63,Electronics,3,25,75,North Asia,0.12
621,04-03-2023,CUST621,Female,40,Beauty,2,500,1000,North,0.00
622,22-08-2023,CUST622,Female,49,Beauty,3,25,75,North,0.12
623,10-03-2023,CUST623,Male,34,Clothing,3,50,150,South,0.06
624,26-08-2023,CUST624,Female,34,Beauty,3,300,900,South,0.01
625,08-12-2023,CUST625,Male,31,Clothing,1,300,300,Caribbean,0.00
626,29-09-2023,CUST626,Female,26,Clothing,4,500,2000,South,0.01
627,14-10-2023,CUST627,Male,57,Clothing,1,50,50,East,0.02
628,01-11-2023,CUST628,Female,19,Beauty,4,50,200,North Asia,0.08
629,12-06-2023,CUST629,Male,62,Electronics,2,25,50,North Asia,0.08
630,15-08-2023,CUST630,Male,42,Clothing,2,50,100,Southeast Asia,0.04
631,10-11-2023,CUST631,Male,56,Electronics,3,30,90,South,0.10
632,16-09-2023,CUST632,Female,26,Electronics,4,25,100,Oceania,0.16
633,07-08-2023,CUST633,Male,39,Beauty,4,30,120,EMEA,0.13
634,08-10-2023,CUST634,Male,60,Electronics,4,500,2000,South,0.01
635,17-08-2023,CUST635,Female,63,Electronics,3,300,900,North Asia,0.01
636,23-03-2023,CUST636,Female,21,Beauty,3,500,1500,Southeast Asia,0.01
637,01-09-2023,CUST637,Male,43,Clothing,2,300,600,North,0.01
638,19-08-2023,CUST638,Male,46,Electronics,1,500,500,Africa,0.00
639,13-05-2023,CUST639,Female,62,Beauty,4,50,200,South,0.08
640,07-05-2023,CUST640,Female,51,Electronics,4,30,120,Central,0.13
641,23-11-2023,CUST641,Female,40,Electronics,1,300,300,Oceania,0.00
642,22-05-2023,CUST642,Female,54,Clothing,4,25,100,Southeast Asia,0.16
643,24-09-2023,CUST643,Female,28,Electronics,3,30,90,Oceania,0.10
644,06-09-2023,CUST644,Male,23,Beauty,3,25,75,South,0.12
645,17-11-2023,CUST645,Female,35,Electronics,4,30,120,North,0.13
646,03-05-2023,CUST646,Male,38,Clothing,3,30,90,South,0.10
647,21-05-2023,CUST647,Male,59,Clothing,3,500,1500,Central,0.01
648,14-08-2023,CUST648,Male,53,Beauty,4,300,1200,Central,0.01
649,09-02-2023,CUST649,Female,58,Clothing,2,300,600,Oceania,0.01
650,01-01-2024,CUST650,Male,55,Electronics,1,30,30,East,0.03
651,27-05-2023,CUST651,Male,51,Clothing,3,50,150,East,0.06
652,01-05-2023,CUST652,Female,34,Beauty,2,50,100,North Asia,0.04
653,20-05-2023,CUST653,Male,54,Clothing,3,25,75,Central,0.12
654,21-06-2023,CUST654,Male,42,Clothing,3,25,75,North Asia,0.12
655,13-06-2023,CUST655,Female,55,Clothing,1,500,500,West,0.00
656,04-10-2023,CUST656,Male,29,Beauty,3,30,90,North,0.10
657,11-02-2023,CUST657,Male,40,Clothing,1,25,25,South,0.04
658,12-03-2023,CUST658,Male,59,Clothing,1,25,25,Central,0.04
659,19-03-2023,CUST659,Female,39,Electronics,1,30,30,Central,0.03
660,29-04-2023,CUST660,Female,38,Beauty,2,500,1000,Central,0.00
661,16-07-2023,CUST661,Female,44,Clothing,4,25,100,Central,0.16
662,22-12-2023,CUST662,Male,48,Beauty,2,500,1000,North Asia,0.00
663,20-03-2023,CUST663,Male,23,Clothing,4,300,1200,South,0.01
664,28-12-2023,CUST664,Female,44,Clothing,4,500,2000,Central,0.01
665,20-04-2023,CUST665,Male,57,Clothing,1,50,50,Central,0.02
666,02-02-2023,CUST666,Male,51,Electronics,3,50,150,West,0.06
667,01-08-2023,CUST667,Female,29,Electronics,1,500,500,South,0.00
668,28-07-2023,CUST668,Female,62,Electronics,3,50,150,North,0.06
669,19-06-2023,CUST669,Male,24,Beauty,4,300,1200,Oceania,0.01
670,05-10-2023,CUST670,Male,27,Beauty,1,30,30,Africa,0.03
671,27-08-2023,CUST671,Male,62,Electronics,3,50,150,South,0.06
672,01-08-2023,CUST672,Female,34,Beauty,2,50,100,Caribbean,0.04
673,01-02-2023,CUST673,Female,43,Clothing,3,500,1500,East,0.01
674,16-04-2023,CUST674,Female,38,Clothing,1,300,300,North Asia,0.00
675,04-08-2023,CUST675,Female,45,Clothing,2,30,60,Central Asia,0.07
676,19-07-2023,CUST676,Male,63,Electronics,3,500,1500,North Asia,0.01
677,27-10-2023,CUST677,Female,19,Beauty,3,500,1500,Central Asia,0.01
678,23-12-2023,CUST678,Female,60,Electronics,3,300,900,North,0.01
679,11-01-2023,CUST679,Female,18,Beauty,3,30,90,North Asia,0.10
680,22-10-2023,CUST680,Female,53,Clothing,3,300,900,North,0.01
681,14-07-2023,CUST681,Female,43,Electronics,2,30,60,Central,0.07
682,02-09-2023,CUST682,Male,46,Beauty,4,300,1200,Central,0.01
683,04-01-2023,CUST683,Male,38,Beauty,2,500,1000,Central,0.00
684,30-06-2023,CUST684,Female,28,Clothing,2,500,1000,South,0.00
685,02-06-2023,CUST685,Male,57,Electronics,2,25,50,Oceania,0.08
686,19-07-2023,CUST686,Female,28,Electronics,4,50,200,Africa,0.08
687,03-08-2023,CUST687,Female,53,Electronics,1,300,300,Central,0.00
688,03-10-2023,CUST688,Male,56,Clothing,4,25,100,Central,0.16
689,07-10-2023,CUST689,Male,57,Electronics,2,50,100,West,0.04
690,05-11-2023,CUST690,Female,52,Clothing,3,300,900,North Asia,0.01
691,23-04-2023,CUST691,Female,51,Clothing,3,30,90,Africa,0.10
692,07-09-2023,CUST692,Female,64,Clothing,2,50,100,North,0.04
693,23-04-2023,CUST693,Male,41,Beauty,3,500,1500,South,0.01
694,20-05-2023,CUST694,Female,39,Electronics,2,25,50,Central,0.08
695,12-08-2023,CUST695,Female,22,Electronics,3,50,150,Central Asia,0.06
696,06-09-2023,CUST696,Female,50,Clothing,4,50,200,Central,0.08
697,15-01-2023,CUST697,Male,53,Clothing,1,500,500,Africa,0.00
698,19-07-2023,CUST698,Female,64,Electronics,1,300,300,North Asia,0.00
699,22-06-2023,CUST699,Female,37,Clothing,4,30,120,East,0.13
700,09-12-2023,CUST700,Male,36,Electronics,4,500,2000,EMEA,0.01
701,14-12-2023,CUST701,Female,52,Beauty,2,30,60,Central,0.07
702,27-07-2023,CUST702,Female,60,Clothing,2,300,600,East,0.01
703,26-03-2023,CUST703,Male,34,Electronics,2,50,100,North,0.04
704,28-08-2023,CUST704,Female,62,Clothing,3,30,90,EMEA,0.10
705,07-03-2023,CUST705,Male,60,Electronics,2,25,50,Southeast Asia,0.08
706,15-11-2023,CUST706,Male,51,Electronics,4,25,100,Central,0.16
707,01-10-2023,CUST707,Female,26,Clothing,1,500,500,Africa,0.00
708,14-01-2023,CUST708,Female,43,Beauty,3,300,900,West,0.01
709,21-07-2023,CUST709,Female,19,Electronics,2,500,1000,East,0.00
710,31-10-2023,CUST710,Female,26,Electronics,3,500,1500,Oceania,0.01
711,16-10-2023,CUST711,Male,26,Electronics,3,500,1500,Southeast Asia,0.01
712,06-12-2023,CUST712,Female,57,Beauty,2,25,50,Central,0.08
713,14-01-2023,CUST713,Male,34,Beauty,3,25,75,Oceania,0.12
714,12-02-2023,CUST714,Female,18,Clothing,1,500,500,West,0.00
715,26-11-2023,CUST715,Female,42,Beauty,4,25,100,East,0.16
716,08-08-2023,CUST716,Female,60,Clothing,4,300,1200,Caribbean,0.01
717,11-03-2023,CUST717,Male,57,Clothing,1,500,500,Central,0.00
718,25-08-2023,CUST718,Female,59,Beauty,3,25,75,Africa,0.12
719,04-04-2023,CUST719,Female,42,Clothing,2,30,60,East,0.07
720,26-01-2023,CUST720,Female,56,Beauty,3,500,1500,Oceania,0.01
721,14-05-2023,CUST721,Female,52,Clothing,1,500,500,South,0.00
722,14-07-2023,CUST722,Male,20,Beauty,3,300,900,East,0.01
723,17-06-2023,CUST723,Female,54,Beauty,4,50,200,Central,0.08
724,19-04-2023,CUST724,Male,61,Clothing,3,50,150,West,0.06
725,21-08-2023,CUST725,Male,61,Electronics,1,300,300,Oceania,0.00
726,17-06-2023,CUST726,Male,47,Clothing,4,300,1200,EMEA,0.01
727,22-06-2023,CUST727,Male,55,Beauty,3,300,900,Central,0.01
728,14-07-2023,CUST728,Male,51,Electronics,3,50,150,EMEA,0.06
729,23-05-2023,CUST729,Male,29,Clothing,4,300,1200,EMEA,0.01
730,04-08-2023,CUST730,Female,36,Clothing,2,25,50,North,0.08
731,10-05-2023,CUST731,Male,54,Clothing,4,500,2000,EMEA,0.01
732,11-02-2023,CUST732,Male,61,Electronics,2,500,1000,Africa,0.00
733,29-08-2023,CUST733,Male,34,Beauty,1,30,30,Oceania,0.03
734,10-01-2023,CUST734,Female,27,Clothing,1,30,30,North Asia,0.03
735,04-10-2023,CUST735,Female,64,Clothing,4,500,2000,Oceania,0.01
736,27-01-2023,CUST736,Male,29,Clothing,4,25,100,South,0.16
737,29-06-2023,CUST737,Female,33,Clothing,1,50,50,North Asia,0.02
738,25-04-2023,CUST738,Male,41,Clothing,2,50,100,Africa,0.04
739,29-11-2023,CUST739,Male,36,Beauty,1,25,25,North,0.04
740,05-02-2023,CUST740,Female,25,Beauty,4,50,200,Central,0.08
741,30-11-2023,CUST741,Male,48,Clothing,1,300,300,South,0.00
742,21-01-2023,CUST742,Female,38,Electronics,4,500,2000,Oceania,0.01
743,16-01-2023,CUST743,Female,34,Beauty,4,500,2000,EMEA,0.01
744,07-05-2023,CUST744,Male,40,Electronics,1,25,25,Central Asia,0.04
745,13-04-2023,CUST745,Male,54,Beauty,2,50,100,South,0.04
746,11-01-2023,CUST746,Female,33,Clothing,3,30,90,South,0.10
747,15-11-2023,CUST747,Male,23,Beauty,1,30,30,South,0.03
748,20-03-2023,CUST748,Male,25,Clothing,3,50,150,Central,0.06
749,03-05-2023,CUST749,Male,42,Beauty,1,30,30,Central,0.03
750,06-03-2023,CUST750,Female,35,Clothing,3,25,75,Africa,0.12
751,31-08-2023,CUST751,Female,42,Clothing,2,25,50,Central,0.08
752,09-12-2023,CUST752,Male,29,Clothing,2,50,100,North Asia,0.04
753,28-02-2023,CUST753,Female,32,Clothing,1,30,30,Central,0.03
754,16-10-2023,CUST754,Female,43,Electronics,4,25,100,South,0.16
755,22-04-2023,CUST755,Female,58,Clothing,3,25,75,Southeast Asia,0.12
756,27-08-2023,CUST756,Female,62,Electronics,4,300,1200,East,0.01
757,25-12-2023,CUST757,Female,43,Electronics,4,300,1200,Central,0.01
758,12-05-2023,CUST758,Male,64,Clothing,4,25,100,Southeast Asia,0.16
759,08-07-2023,CUST759,Male,49,Electronics,2,50,100,West,0.04
760,27-03-2023,CUST760,Male,27,Beauty,1,500,500,South,0.00
761,07-11-2023,CUST761,Female,33,Clothing,1,500,500,Central,0.00
762,07-11-2023,CUST762,Female,24,Electronics,2,25,50,North,0.08
763,28-02-2023,CUST763,Male,34,Clothing,2,25,50,Africa,0.08
764,25-03-2023,CUST764,Female,40,Clothing,1,25,25,South,0.04
765,09-06-2023,CUST765,Male,43,Clothing,4,50,200,East,0.08
766,25-02-2023,CUST766,Male,38,Electronics,3,300,900,EMEA,0.01
767,24-10-2023,CUST767,Male,39,Beauty,3,25,75,Oceania,0.12
768,14-01-2023,CUST768,Female,24,Beauty,3,25,75,North,0.12
769,09-06-2023,CUST769,Female,31,Electronics,4,30,120,South,0.13
770,22-10-2023,CUST770,Male,32,Clothing,1,50,50,Southeast Asia,0.02
771,13-12-2023,CUST771,Male,24,Electronics,2,25,50,Central Asia,0.08
772,12-07-2023,CUST772,Male,26,Electronics,1,30,30,EMEA,0.03
773,23-07-2023,CUST773,Male,25,Electronics,4,500,2000,Southeast Asia,0.01
774,12-04-2023,CUST774,Female,40,Clothing,2,25,50,Oceania,0.08
775,08-02-2023,CUST775,Female,46,Electronics,4,25,100,Africa,0.16
776,31-10-2023,CUST776,Male,35,Clothing,3,30,90,Central,0.10
777,20-12-2023,CUST777,Male,48,Electronics,3,50,150,Central,0.06
778,18-11-2023,CUST778,Female,47,Beauty,4,25,100,Canada,0.16
779,05-05-2023,CUST779,Female,56,Electronics,2,500,1000,East,0.00
780,22-02-2023,CUST780,Male,52,Electronics,2,25,50,North,0.08
781,23-12-2023,CUST781,Male,35,Beauty,1,500,500,Central,0.00
782,04-06-2023,CUST782,Male,59,Clothing,3,300,900,Southeast Asia,0.01
783,17-12-2023,CUST783,Female,56,Clothing,1,300,300,Central Asia,0.00
784,04-11-2023,CUST784,Female,34,Electronics,1,500,500,Caribbean,0.00
785,03-03-2023,CUST785,Female,31,Beauty,4,50,200,Africa,0.08
786,17-10-2023,CUST786,Male,48,Clothing,4,25,100,North Asia,0.16
787,22-01-2023,CUST787,Male,41,Electronics,1,25,25,Central,0.04
788,27-06-2023,CUST788,Female,52,Beauty,3,300,900,South,0.01
789,30-09-2023,CUST789,Female,61,Clothing,4,500,2000,North,0.01
790,08-08-2023,CUST790,Male,62,Clothing,1,25,25,EMEA,0.04
791,05-12-2023,CUST791,Female,51,Beauty,1,25,25,Oceania,0.04
792,09-07-2023,CUST792,Female,20,Beauty,1,50,50,Central Asia,0.02
793,05-02-2023,CUST793,Male,54,Beauty,1,30,30,West,0.03
794,17-09-2023,CUST794,Female,60,Beauty,1,300,300,Central,0.00
795,28-11-2023,CUST795,Male,57,Electronics,1,300,300,North,0.00
796,24-06-2023,CUST796,Male,43,Beauty,4,30,120,Central,0.13
797,07-01-2023,CUST797,Male,40,Clothing,3,25,75,East,0.12
798,04-08-2023,CUST798,Male,61,Clothing,1,50,50,South,0.02
799,08-09-2023,CUST799,Male,56,Electronics,2,50,100,Central,0.04
800,24-02-2023,CUST800,Male,32,Clothing,4,300,1200,EMEA,0.01
801,10-08-2023,CUST801,Male,21,Clothing,4,50,200,Oceania,0.08
802,05-07-2023,CUST802,Female,46,Beauty,1,30,30,Central,0.03
803,22-11-2023,CUST803,Male,39,Clothing,4,25,100,Africa,0.16
804,24-08-2023,CUST804,Male,42,Electronics,1,30,30,Central Asia,0.03
805,29-12-2023,CUST805,Female,30,Beauty,3,500,1500,North Asia,0.01
806,20-03-2023,CUST806,Female,35,Beauty,3,300,900,North,0.01
807,11-08-2023,CUST807,Female,50,Electronics,4,50,200,Central,0.08
808,01-04-2023,CUST808,Male,33,Beauty,4,500,2000,West,0.01
809,25-09-2023,CUST809,Female,62,Beauty,2,50,100,Central Asia,0.04
810,30-11-2023,CUST810,Male,59,Electronics,4,25,100,Central,0.16
811,19-05-2023,CUST811,Male,61,Beauty,2,25,50,Central,0.08
812,12-11-2023,CUST812,Male,19,Electronics,3,25,75,Oceania,0.12
813,03-10-2023,CUST813,Male,52,Electronics,3,50,150,Central Asia,0.06
814,05-09-2023,CUST814,Female,59,Clothing,1,500,500,Central Asia,0.00
815,27-08-2023,CUST815,Female,51,Clothing,3,25,75,Southeast Asia,0.12
816,12-08-2023,CUST816,Male,47,Beauty,2,500,1000,Southeast Asia,0.00
817,31-10-2023,CUST817,Male,30,Beauty,4,50,200,Africa,0.08
818,18-05-2023,CUST818,Male,30,Electronics,1,500,500,North,0.00
819,15-06-2023,CUST819,Female,35,Beauty,2,50,100,West,0.04
820,06-05-2023,CUST820,Male,49,Electronics,4,50,200,South,0.08
821,14-02-2023,CUST821,Male,49,Electronics,1,300,300,North,0.00
822,23-05-2023,CUST822,Female,52,Beauty,3,50,150,Southeast Asia,0.06
823,19-08-2023,CUST823,Female,56,Electronics,2,50,100,Central Asia,0.04
824,05-05-2023,CUST824,Male,63,Clothing,4,30,120,East,0.13
825,26-08-2023,CUST825,Female,46,Beauty,1,25,25,Central,0.04
826,19-10-2023,CUST826,Female,46,Clothing,1,300,300,Southeast Asia,0.00
827,09-11-2023,CUST827,Male,61,Beauty,3,300,900,North Asia,0.01
828,09-12-2023,CUST828,Female,33,Electronics,4,300,1200,North Asia,0.01
829,14-07-2023,CUST829,Male,61,Beauty,3,30,90,EMEA,0.10
830,22-06-2023,CUST830,Female,64,Clothing,3,50,150,Caribbean,0.06
831,15-01-2023,CUST831,Male,27,Electronics,4,25,100,Central Asia,0.16
832,11-09-2023,CUST832,Male,47,Beauty,4,500,2000,South,0.01
833,16-06-2023,CUST833,Male,42,Beauty,4,50,200,South,0.08
834,04-04-2023,CUST834,Female,56,Beauty,2,30,60,Central Asia,0.07
835,07-09-2023,CUST835,Male,37,Clothing,4,50,200,South,0.08
836,19-04-2023,CUST836,Female,22,Clothing,1,50,50,Oceania,0.02
837,01-07-2023,CUST837,Male,18,Beauty,3,30,90,South,0.10
838,13-05-2023,CUST838,Male,47,Electronics,2,300,600,East,0.01
839,24-06-2023,CUST839,Female,20,Electronics,4,300,1200,East,0.01
840,24-05-2023,CUST840,Male,62,Clothing,2,25,50,Central Asia,0.08
841,02-11-2023,CUST841,Male,31,Electronics,4,25,100,East,0.16
842,26-12-2023,CUST842,Female,47,Clothing,2,300,600,Southeast Asia,0.01
843,22-05-2023,CUST843,Male,21,Beauty,3,500,1500,Southeast Asia,0.01
844,12-10-2023,CUST844,Male,35,Clothing,3,50,150,Central Asia,0.06
845,06-01-2023,CUST845,Male,54,Clothing,1,500,500,North,0.00
846,22-09-2023,CUST846,Male,42,Beauty,1,50,50,South,0.02
847,08-04-2023,CUST847,Female,18,Electronics,4,300,1200,Southeast Asia,0.01
848,13-02-2023,CUST848,Female,63,Clothing,3,25,75,East,0.12
849,04-05-2023,CUST849,Male,32,Clothing,2,25,50,North,0.08
850,28-07-2023,CUST850,Female,26,Beauty,2,500,1000,Central,0.00
851,08-09-2023,CUST851,Male,32,Electronics,2,25,50,Central,0.08
852,12-10-2023,CUST852,Female,41,Clothing,1,300,300,South,0.00
853,04-05-2023,CUST853,Male,21,Beauty,2,500,1000,Oceania,0.00
854,20-12-2023,CUST854,Male,29,Clothing,1,50,50,EMEA,0.02
855,01-09-2023,CUST855,Male,54,Beauty,1,25,25,EMEA,0.04
856,27-11-2023,CUST856,Male,54,Electronics,4,30,120,South,0.13
857,31-12-2023,CUST857,Male,60,Electronics,2,25,50,South,0.08
858,09-09-2023,CUST858,Male,23,Electronics,2,50,100,North Asia,0.04
859,18-08-2023,CUST859,Female,56,Electronics,3,500,1500,Central Asia,0.01
860,09-01-2023,CUST860,Male,63,Clothing,4,50,200,East,0.08
861,17-02-2023,CUST861,Female,41,Clothing,3,30,90,North,0.10
862,31-05-2023,CUST862,Male,28,Electronics,4,300,1200,Central,0.01
863,24-04-2023,CUST863,Female,30,Electronics,2,25,50,Oceania,0.08
864,27-07-2023,CUST864,Female,51,Electronics,1,500,500,Central,0.00
865,21-12-2023,CUST865,Female,42,Clothing,1,300,300,East,0.00
866,05-05-2023,CUST866,Male,24,Electronics,1,50,50,EMEA,0.02
867,06-06-2023,CUST867,Male,21,Electronics,1,500,500,Central,0.00
868,06-12-2023,CUST868,Female,25,Electronics,1,300,300,Oceania,0.00
869,25-10-2023,CUST869,Male,37,Beauty,3,500,1500,Central,0.01
870,08-07-2023,CUST870,Female,46,Electronics,4,30,120,Central,0.13
871,31-08-2023,CUST871,Male,62,Beauty,2,30,60,West,0.07
872,11-10-2023,CUST872,Female,63,Beauty,3,25,75,West,0.12
873,29-09-2023,CUST873,Female,27,Electronics,4,25,100,North Asia,0.16
874,26-06-2023,CUST874,Male,60,Beauty,1,30,30,North Asia,0.03
875,06-08-2023,CUST875,Female,51,Electronics,4,500,2000,Africa,0.01
876,09-10-2023,CUST876,Male,43,Clothing,4,30,120,Oceania,0.13
877,19-06-2023,CUST877,Female,58,Clothing,1,25,25,West,0.04
878,30-06-2023,CUST878,Female,20,Clothing,1,30,30,West,0.03
879,26-12-2023,CUST879,Male,23,Clothing,1,30,30,North,0.03
880,21-08-2023,CUST880,Male,22,Beauty,2,500,1000,North Asia,0.00
881,19-05-2023,CUST881,Male,22,Electronics,1,300,300,Central,0.00
882,06-06-2023,CUST882,Female,64,Electronics,2,25,50,North Asia,0.08
883,09-05-2023,CUST883,Male,40,Electronics,1,500,500,Central Asia,0.00
884,29-04-2023,CUST884,Female,26,Clothing,2,30,60,West,0.07
885,03-03-2023,CUST885,Female,52,Clothing,4,30,120,Central,0.13
886,09-04-2023,CUST886,Male,37,Electronics,3,300,900,West,0.01
887,11-06-2023,CUST887,Male,59,Clothing,4,25,100,South,0.16
888,03-03-2023,CUST888,Female,52,Electronics,4,25,100,Oceania,0.16
889,02-10-2023,CUST889,Female,35,Electronics,1,50,50,Oceania,0.02
890,20-12-2023,CUST890,Male,34,Electronics,2,25,50,South,0.08
891,05-04-2023,CUST891,Male,41,Electronics,3,300,900,Oceania,0.01
892,09-04-2023,CUST892,Male,20,Electronics,1,50,50,North,0.02
893,21-04-2023,CUST893,Male,49,Electronics,1,50,50,North Asia,0.02
894,05-09-2023,CUST894,Male,52,Electronics,1,30,30,Africa,0.03
895,22-05-2023,CUST895,Female,55,Clothing,4,30,120,North,0.13
896,29-10-2023,CUST896,Female,30,Electronics,2,25,50,East,0.08
897,26-09-2023,CUST897,Female,64,Electronics,2,50,100,Central,0.04
898,02-11-2023,CUST898,Female,42,Clothing,3,30,90,East,0.10
899,25-05-2023,CUST899,Male,26,Clothing,2,300,600,Central,0.01
900,21-02-2023,CUST900,Male,21,Clothing,2,30,60,Central,0.07
901,10-04-2023,CUST901,Male,31,Electronics,1,30,30,Central,0.03
902,01-06-2023,CUST902,Female,54,Beauty,1,50,50,Central,0.02
903,27-04-2023,CUST903,Female,51,Beauty,4,50,200,East,0.08
904,04-07-2023,CUST904,Male,28,Clothing,1,500,500,Oceania,0.00
905,02-04-2023,CUST905,Male,58,Beauty,1,300,300,South,0.00
906,04-06-2023,CUST906,Female,20,Clothing,1,50,50,Oceania,0.02
907,08-01-2023,CUST907,Female,45,Electronics,1,25,25,EMEA,0.04
908,29-12-2023,CUST908,Male,46,Beauty,4,300,1200,Oceania,0.01
909,01-10-2023,CUST909,Male,26,Electronics,1,300,300,Oceania,0.00
910,06-03-2023,CUST910,Female,20,Beauty,3,50,150,North Asia,0.06
911,21-05-2023,CUST911,Male,42,Electronics,3,300,900,Central,0.01
912,24-01-2023,CUST912,Male,51,Beauty,3,50,150,South,0.06
913,28-01-2023,CUST913,Male,29,Electronics,3,30,90,Oceania,0.10
914,11-10-2023,CUST914,Female,59,Electronics,1,500,500,EMEA,0.00
915,30-05-2023,CUST915,Female,26,Beauty,3,30,90,North,0.10
916,24-12-2023,CUST916,Female,32,Electronics,1,50,50,East,0.02
917,06-03-2023,CUST917,Female,57,Electronics,4,50,200,Oceania,0.08
918,23-11-2023,CUST918,Female,42,Electronics,3,30,90,EMEA,0.10
919,09-09-2023,CUST919,Female,22,Beauty,2,25,50,East,0.08
920,22-02-2023,CUST920,Female,28,Beauty,3,25,75,West,0.12
921,07-01-2023,CUST921,Male,51,Electronics,3,25,75,Oceania,0.12
922,21-10-2023,CUST922,Male,41,Electronics,1,50,50,North,0.02
923,26-05-2023,CUST923,Male,32,Beauty,3,300,900,Caribbean,0.01
924,29-08-2023,CUST924,Male,55,Beauty,2,50,100,Central,0.04
925,03-09-2023,CUST925,Male,25,Electronics,1,300,300,North,0.00
926,14-08-2023,CUST926,Male,22,Electronics,1,30,30,Central,0.03
927,24-06-2023,CUST927,Male,43,Electronics,4,500,2000,South,0.01
928,05-04-2023,CUST928,Female,35,Clothing,4,300,1200,Central,0.01
929,27-01-2023,CUST929,Female,23,Beauty,3,25,75,Central,0.12
930,10-05-2023,CUST930,Male,54,Clothing,4,50,200,Central,0.08
931,02-09-2023,CUST931,Male,30,Beauty,4,30,120,Southeast Asia,0.13
932,28-02-2023,CUST932,Female,45,Beauty,4,25,100,Caribbean,0.16
933,03-02-2023,CUST933,Male,22,Beauty,1,30,30,Africa,0.03
934,25-07-2023,CUST934,Male,30,Beauty,1,500,500,South,0.00
935,09-09-2023,CUST935,Female,34,Beauty,1,50,50,Central,0.02
936,07-02-2023,CUST936,Male,57,Beauty,4,50,200,Central Asia,0.08
937,23-10-2023,CUST937,Female,62,Beauty,1,500,500,Central,0.00
938,19-11-2023,CUST938,Male,49,Clothing,4,50,200,North Asia,0.08
939,18-12-2023,CUST939,Female,46,Electronics,1,300,300,Central,0.00
940,28-01-2023,CUST940,Female,20,Electronics,1,30,30,Southeast Asia,0.03
941,19-03-2023,CUST941,Female,57,Clothing,2,25,50,EMEA,0.08
942,18-03-2023,CUST942,Male,51,Clothing,3,500,1500,North,0.01
943,16-10-2023,CUST943,Female,57,Clothing,4,300,1200,East,0.01
944,05-06-2023,CUST944,Male,44,Clothing,2,25,50,Central Asia,0.08
945,13-02-2023,CUST945,Male,30,Beauty,1,25,25,North Asia,0.04
946,08-05-2023,CUST946,Male,62,Electronics,4,500,2000,Central Asia,0.01
947,02-03-2023,CUST947,Male,50,Beauty,1,300,300,Southeast Asia,0.00
948,13-10-2023,CUST948,Female,23,Electronics,3,25,75,Central,0.12
949,02-08-2023,CUST949,Female,41,Electronics,2,25,50,North,0.08
950,07-11-2023,CUST950,Male,36,Clothing,3,300,900,North Asia,0.01
951,02-11-2023,CUST951,Male,33,Beauty,2,50,100,Central,0.04
952,13-11-2023,CUST952,Female,57,Clothing,1,25,25,North,0.04
953,26-04-2023,CUST953,Male,45,Beauty,3,30,90,Central,0.10
954,25-09-2023,CUST954,Female,50,Electronics,3,300,900,EMEA,0.01
955,14-07-2023,CUST955,Male,58,Clothing,1,25,25,EMEA,0.04
956,19-08-2023,CUST956,Male,30,Clothing,3,500,1500,Central Asia,0.01
957,15-08-2023,CUST957,Female,60,Electronics,4,30,120,West,0.13
958,02-06-2023,CUST958,Male,62,Electronics,2,25,50,North Asia,0.08
959,29-10-2023,CUST959,Female,42,Electronics,2,30,60,Oceania,0.07
960,08-08-2023,CUST960,Male,59,Clothing,2,30,60,East,0.07
961,06-06-2023,CUST961,Male,53,Beauty,4,50,200,Central,0.08
962,19-10-2023,CUST962,Male,44,Clothing,2,30,60,East,0.07
963,14-11-2023,CUST963,Female,55,Beauty,1,50,50,EMEA,0.02
964,31-01-2023,CUST964,Male,24,Clothing,3,300,900,Central,0.01
965,09-11-2023,CUST965,Male,22,Clothing,4,50,200,North Asia,0.08
966,20-02-2023,CUST966,Male,60,Electronics,2,500,1000,North Asia,0.00
967,17-04-2023,CUST967,Male,62,Beauty,1,25,25,North,0.04
968,17-11-2023,CUST968,Female,48,Clothing,3,300,900,Oceania,0.01
969,19-04-2023,CUST969,Female,40,Clothing,3,300,900,North Asia,0.01
970,16-05-2023,CUST970,Male,59,Electronics,4,500,2000,Southeast Asia,0.01
971,05-12-2023,CUST971,Female,27,Electronics,4,50,200,Africa,0.08
972,11-02-2023,CUST972,Male,49,Beauty,4,25,100,North,0.16
973,22-03-2023,CUST973,Male,60,Clothing,1,50,50,Central Asia,0.02
974,03-05-2023,CUST974,Male,47,Beauty,1,30,30,North Asia,0.03
975,30-03-2023,CUST975,Female,56,Clothing,4,50,200,West,0.08
976,10-10-2023,CUST976,Female,48,Beauty,2,300,600,South,0.01
977,08-02-2023,CUST977,Female,35,Electronics,3,25,75,East,0.12
978,22-03-2023,CUST978,Female,53,Clothing,3,50,150,North,0.06
979,02-01-2023,CUST979,Female,19,Beauty,1,25,25,Caribbean,0.04
980,29-07-2023,CUST980,Female,31,Electronics,3,25,75,Caribbean,0.12
981,19-08-2023,CUST981,Female,30,Electronics,2,30,60,Caribbean,0.07
982,19-12-2023,CUST982,Female,46,Beauty,3,30,90,North,0.10
983,01-11-2023,CUST983,Female,29,Clothing,1,300,300,North,0.00
984,29-08-2023,CUST984,Male,56,Clothing,1,500,500,Oceania,0.00
985,30-05-2023,CUST985,Female,19,Electronics,2,25,50,North,0.08
986,17-01-2023,CUST986,Female,49,Clothing,2,500,1000,Central,0.00
987,29-04-2023,CUST987,Female,30,Clothing,3,300,900,North,0.01
988,28-05-2023,CUST988,Female,63,Clothing,3,25,75,North Asia,0.12
989,28-12-2023,CUST989,Female,44,Electronics,1,25,25,South,0.04
990,25-05-2023,CUST990,Female,58,Beauty,2,500,1000,North,0.00
991,26-12-2023,CUST991,Female,34,Clothing,2,50,100,East,0.04
992,21-08-2023,CUST992,Female,57,Electronics,2,30,60,North Asia,0.07
993,06-02-2023,CUST993,Female,48,Electronics,3,50,150,West,0.06
994,18-12-2023,CUST994,Female,51,Beauty,2,500,1000,Central,0.00
995,30-04-2023,CUST995,Female,41,Clothing,1,30,30,EMEA,0.03
996,16-05-2023,CUST996,Male,62,Clothing,1,50,50,North Asia,0.02
997,17-11-2023,CUST997,Male,52,Beauty,3,30,90,South,0.10
998,29-10-2023,CUST998,Female,23,Beauty,4,25,100,Oceania,0.16
999,05-12-2023,CUST999,Female,36,Electronics,3,50,150,South,0.06
1000,12-04-2023,CUST1000,Male,47,Electronics,4,30,120,Southeast Asia,0.13
